Linear Regression,Ridge,Lasso,ElasticNet,DecisionTree,RandomForest,GradientBoosting,AdaBoostRegressor,ExtraTreeRegressor,XGBoost,Support Vector Regressor,KNeighborsRegressor
-0.9767098361259188,-0.3785672968249183,-0.24560526467656807,0.7952981512835657,-2.428889061272458,-1.5709869876154587,0.06815817082307118,-2.6069561410030855,-2.379162326126334,-2.597255565276765,-0.1543115962439452,-0.12034493156607917
45115726.58662134,31463932.69672017,28429254.27342507,4672042.638572812,78259751.9155414,58679298.23142308,21268028.528414413,82323892.00144793,77124806.48961346,82102489.48995985,26345599.854945455,25570356.70662916
