Linear Regression,Ridge,Lasso,ElasticNet,DecisionTree,RandomForest,GradientBoosting,AdaBoostRegressor,ExtraTreeRegressor,XGBoost,Support Vector Regressor,KNeighborsRegressor
0.2728674747109956,0.11827690050235373,0.470936296574333,-0.10846837482662752,0.703976713630216,-7.229874736752299,-9.565803208217261,-15.097239820295346,-0.36884209516003486,-8.65981127332269,-0.06162763889888101,0.29876251770057904
33645647.73762118,40798814.21344793,24480669.44763096,51290700.34776248,13697496.493327778,380810177.9073352,488897526.1661032,744846423.0456502,63338631.322916985,446975752.02668756,49123300.53275694,32447440.444897212
