Linear Regression,Ridge,Lasso,ElasticNet,DecisionTree,RandomForest,GradientBoosting,AdaBoostRegressor,ExtraTreeRegressor,XGBoost,Support Vector Regressor,KNeighborsRegressor
0.9567256730367172,0.9422362614520126,0.9302979716487394,0.9183383939543897,0.932894083651767,0.9689633807820461,0.9317133747332651,0.8041724949649744,0.9817494349489246,0.8158990038940053,-0.7987072476616741,0.4776695020212858
10771363.62317096,14377906.620293954,17349452.789433815,20326297.70338724,16703257.496441396,7725289.673808848,16997146.4136531,48743202.082387395,4542727.438840692,45824370.05035781,447714180.1104313,130012691.58904286
