Linear Regression,Ridge,Lasso,ElasticNet,DecisionTree,RandomForest,GradientBoosting,AdaBoostRegressor,ExtraTreeRegressor,XGBoost,Support Vector Regressor,KNeighborsRegressor
0.23607564954868399,0.3631220661766572,-0.6710173593600555,0.3717665368056583,-0.15227758044055695,0.10091613217838036,0.2719574750119135,0.08379834787094609,-0.3031094811425312,0.5436182185260472,-0.2918848389440838,-0.008603825467122794
47929312.145863876,39958303.817646354,104841156.81167749,39415941.82739383,72294948.83752345,56409343.831852704,45678053.612247944,57483329.26880321,81758280.18182203,28633810.205195874,81054035.86844572,63280726.10038747
