Linear Regression,Ridge,Lasso,ElasticNet,DecisionTree,RandomForest,GradientBoosting,AdaBoostRegressor,ExtraTreeRegressor,XGBoost,Support Vector Regressor,KNeighborsRegressor
-0.09217884401619636,-0.13267791113978755,-0.12724389209697096,-0.2226999241152572,-0.5766999827778121,-0.11643453376434265,-0.13131638972484505,-0.10421972734270102,-0.07807417413892903,-0.15249763697518293,-0.7037374583498734,-0.5042788395229403
80827966.88639796,83825147.49864858,83422996.59299862,90487331.37420464,116685517.84899741,82623037.4451359,83724386.52122714,81719066.47519687,79784134.37121107,85291929.38359147,126087074.12810612,111325906.82837498
