Linear Regression,Ridge,Lasso,ElasticNet,DecisionTree,RandomForest,GradientBoosting,AdaBoostRegressor,ExtraTreeRegressor,XGBoost,Support Vector Regressor,KNeighborsRegressor
0.8355610599268092,0.884668733940342,0.7819259623881712,0.305093187561456,0.7612160982269411,0.8426500207476779,0.2342411203593251,0.837091406478832,0.8354053335365306,0.9506821676762441,-1.6424643065500475,-0.2754322004269669
1720875.4517875474,1206957.089952694,2282173.9049847694,7272292.525560909,2498905.397106118,1646688.5307949474,8013768.863843553,1704860.170900116,1722505.1492430686,516117.6965963827,27653741.59759714,13347568.180366663
