Linear Regression,Ridge,Lasso,ElasticNet,DecisionTree,RandomForest,GradientBoosting,AdaBoostRegressor,ExtraTreeRegressor,XGBoost,Support Vector Regressor,KNeighborsRegressor
0.14079536951602478,0.3179310400477712,0.7972315181473777,0.8804034375429786,0.2161589367397012,0.944564679863084,0.9553148376611241,0.9607650939352885,0.9506171880546892,0.9537346265592129,-0.16601518461881648,0.6606111838909399
22859345.123767093,18146608.154304717,5394704.05819449,3181895.2084572227,20854279.355029512,1474869.978694688,1188859.4539353722,1043854.0794718742,1313841.5476230385,1230901.3490385811,31022113.451298088,9029520.795545137
