Linear Regression,Ridge,Lasso,ElasticNet,DecisionTree,RandomForest,GradientBoosting,AdaBoostRegressor,ExtraTreeRegressor,XGBoost,Support Vector Regressor,KNeighborsRegressor
0.9756117666933369,0.9696163299548329,0.9548407941842134,0.9869202694009752,0.8929418967804723,0.9254366178895653,0.9395608592236618,0.9108016375476217,0.9162140115829814,0.9840260736905533,-0.6770555304166186,0.8752140305781987
6974186.792899445,8688673.250100726,12913962.763028024,3740348.1937938933,30614895.31275343,21322534.855627913,17283492.907268815,25507630.402800713,23959879.60670982,4567987.541256449,479579573.64607865,35684448.68218125
